,Eliminating Feature,Accuracy (%),Calibration (%),Delta (%)
0,None,63.78698224852071,3.604191699787418,-1.604191699787418
1,Prior Count,56.68639053254439,2.52102782142527,-0.5210278214252702
2,Gender,66.98224852071006,-1.3512108327941585,3.3512108327941585
3,Charge Degree,65.08875739644971,-1.054279508272482,3.054279508272482
4,Length of Stay,62.840236686390526,2.7763656530178427,-0.7763656530178427
5,Age (Categorical),66.74556213017752,-0.947985026342546,2.947985026342546
