,Feature,Shapley (Accuracy),Shapley (Discrimination)
0,Prior Count,1.0689261707010922,59115.10230998349
1,Length of Stay,0.8927579259068552,58149.64256532964
2,Charge Degree,0.8533299760995893,47583.73796775062
3,Gender,0.7531905695778818,47259.03292652897
4,Age (Categorical),0.15660702122555056,10441.45469988346
