,Eliminating Feature,Accuracy (%),Calibration (%),Delta (%)
0,None,68.16568047337277,2.002264534615028,-0.0022645346150280687
1,Prior Count,64.02366863905326,0.7602366207597799,1.23976337924022
2,Gender,61.065088757396445,-0.05719105277751657,2.0571910527775166
3,Charge Degree,67.81065088757397,3.5833949533228604,-1.5833949533228604
4,Length of Stay,67.81065088757397,1.6308115352620334,0.3691884647379666
5,Age (Categorical),66.3905325443787,1.6094371013956943,0.3905628986043057
